product_id,product_name,date,inventory_level,category,price,restock
1,"Fjallraven - Foldsack No. 1 Backpack, Fits 15 Laptops",2025-07-02,86,men's clothing,109.95,1
1,"Fjallraven - Foldsack No. 1 Backpack, Fits 15 Laptops",2025-07-03,81,men's clothing,109.95,0
1,"Fjallraven - Foldsack No. 1 Backpack, Fits 15 Laptops",2025-07-04,80,men's clothing,109.95,0
1,"Fjallraven - Foldsack No. 1 Backpack, Fits 15 Laptops",2025-07-05,75,men's clothing,109.95,0
1,"Fjallraven - Foldsack No. 1 Backpack, Fits 15 Laptops",2025-07-06,74,men's clothing,109.95,0
1,"Fjallraven - Foldsack No. 1 Backpack, Fits 15 Laptops",2025-07-07,66,men's clothing,109.95,0
1,"Fjallraven - Foldsack No. 1 Backpack, Fits 15 Laptops",2025-07-08,59,men's clothing,109.95,0
1,"Fjallraven - Foldsack No. 1 Backpack, Fits 15 Laptops",2025-07-09,87,men's clothing,109.95,1
1,"Fjallraven - Foldsack No. 1 Backpack, Fits 15 Laptops",2025-07-10,87,men's clothing,109.95,0
1,"Fjallraven - Foldsack No. 1 Backpack, Fits 15 Laptops",2025-07-11,82,men's clothing,109.95,0
1,"Fjallraven - Foldsack No. 1 Backpack, Fits 15 Laptops",2025-07-12,78,men's clothing,109.95,0
1,"Fjallraven - Foldsack No. 1 Backpack, Fits 15 Laptops",2025-07-13,74,men's clothing,109.95,0
1,"Fjallraven - Foldsack No. 1 Backpack, Fits 15 Laptops",2025-07-14,69,men's clothing,109.95,0
1,"Fjallraven - Foldsack No. 1 Backpack, Fits 15 Laptops",2025-07-15,69,men's clothing,109.95,0
1,"Fjallraven - Foldsack No. 1 Backpack, Fits 15 Laptops",2025-07-16,133,men's clothing,109.95,1
1,"Fjallraven - Foldsack No. 1 Backpack, Fits 15 Laptops",2025-07-17,133,men's clothing,109.95,0
1,"Fjallraven - Foldsack No. 1 Backpack, Fits 15 Laptops",2025-07-18,129,men's clothing,109.95,0
1,"Fjallraven - Foldsack No. 1 Backpack, Fits 15 Laptops",2025-07-19,124,men's clothing,109.95,0
1,"Fjallraven - Foldsack No. 1 Backpack, Fits 15 Laptops",2025-07-20,124,men's clothing,109.95,0
1,"Fjallraven - Foldsack No. 1 Backpack, Fits 15 Laptops",2025-07-21,120,men's clothing,109.95,0
1,"Fjallraven - Foldsack No. 1 Backpack, Fits 15 Laptops",2025-07-22,119,men's clothing,109.95,0
1,"Fjallraven - Foldsack No. 1 Backpack, Fits 15 Laptops",2025-07-23,194,men's clothing,109.95,1
1,"Fjallraven - Foldsack No. 1 Backpack, Fits 15 Laptops",2025-07-24,191,men's clothing,109.95,0
1,"Fjallraven - Foldsack No. 1 Backpack, Fits 15 Laptops",2025-07-25,191,men's clothing,109.95,0
1,"Fjallraven - Foldsack No. 1 Backpack, Fits 15 Laptops",2025-07-26,185,men's clothing,109.95,0
1,"Fjallraven - Foldsack No. 1 Backpack, Fits 15 Laptops",2025-07-27,183,men's clothing,109.95,0
1,"Fjallraven - Foldsack No. 1 Backpack, Fits 15 Laptops",2025-07-28,181,men's clothing,109.95,0
1,"Fjallraven - Foldsack No. 1 Backpack, Fits 15 Laptops",2025-07-29,176,men's clothing,109.95,0
1,"Fjallraven - Foldsack No. 1 Backpack, Fits 15 Laptops",2025-07-30,248,men's clothing,109.95,1
1,"Fjallraven - Foldsack No. 1 Backpack, Fits 15 Laptops",2025-07-31,246,men's clothing,109.95,0
2,Mens Casual Premium Slim Fit T-Shirts ,2025-07-02,88,men's clothing,22.3,1
2,Mens Casual Premium Slim Fit T-Shirts ,2025-07-03,83,men's clothing,22.3,0
2,Mens Casual Premium Slim Fit T-Shirts ,2025-07-04,76,men's clothing,22.3,0
2,Mens Casual Premium Slim Fit T-Shirts ,2025-07-05,73,men's clothing,22.3,0
2,Mens Casual Premium Slim Fit T-Shirts ,2025-07-06,66,men's clothing,22.3,0
2,Mens Casual Premium Slim Fit T-Shirts ,2025-07-07,59,men's clothing,22.3,0
2,Mens Casual Premium Slim Fit T-Shirts ,2025-07-08,53,men's clothing,22.3,0
2,Mens Casual Premium Slim Fit T-Shirts ,2025-07-09,74,men's clothing,22.3,1
2,Mens Casual Premium Slim Fit T-Shirts ,2025-07-10,66,men's clothing,22.3,0
2,Mens Casual Premium Slim Fit T-Shirts ,2025-07-11,58,men's clothing,22.3,0
2,Mens Casual Premium Slim Fit T-Shirts ,2025-07-12,52,men's clothing,22.3,0
2,Mens Casual Premium Slim Fit T-Shirts ,2025-07-13,48,men's clothing,22.3,0
2,Mens Casual Premium Slim Fit T-Shirts ,2025-07-14,48,men's clothing,22.3,0
2,Mens Casual Premium Slim Fit T-Shirts ,2025-07-15,39,men's clothing,22.3,0
2,Mens Casual Premium Slim Fit T-Shirts ,2025-07-16,88,men's clothing,22.3,1
2,Mens Casual Premium Slim Fit T-Shirts ,2025-07-17,82,men's clothing,22.3,0
2,Mens Casual Premium Slim Fit T-Shirts ,2025-07-18,80,men's clothing,22.3,0
2,Mens Casual Premium Slim Fit T-Shirts ,2025-07-19,73,men's clothing,22.3,0
2,Mens Casual Premium Slim Fit T-Shirts ,2025-07-20,65,men's clothing,22.3,0
2,Mens Casual Premium Slim Fit T-Shirts ,2025-07-21,59,men's clothing,22.3,0
2,Mens Casual Premium Slim Fit T-Shirts ,2025-07-22,58,men's clothing,22.3,0
2,Mens Casual Premium Slim Fit T-Shirts ,2025-07-23,134,men's clothing,22.3,1
2,Mens Casual Premium Slim Fit T-Shirts ,2025-07-24,132,men's clothing,22.3,0
2,Mens Casual Premium Slim Fit T-Shirts ,2025-07-25,123,men's clothing,22.3,0
2,Mens Casual Premium Slim Fit T-Shirts ,2025-07-26,116,men's clothing,22.3,0
2,Mens Casual Premium Slim Fit T-Shirts ,2025-07-27,109,men's clothing,22.3,0
2,Mens Casual Premium Slim Fit T-Shirts ,2025-07-28,103,men's clothing,22.3,0
2,Mens Casual Premium Slim Fit T-Shirts ,2025-07-29,98,men's clothing,22.3,0
2,Mens Casual Premium Slim Fit T-Shirts ,2025-07-30,172,men's clothing,22.3,1
2,Mens Casual Premium Slim Fit T-Shirts ,2025-07-31,170,men's clothing,22.3,0
3,Mens Cotton Jacket,2025-07-02,147,men's clothing,55.99,1
3,Mens Cotton Jacket,2025-07-03,146,men's clothing,55.99,0
3,Mens Cotton Jacket,2025-07-04,146,men's clothing,55.99,0
3,Mens Cotton Jacket,2025-07-05,146,men's clothing,55.99,0
3,Mens Cotton Jacket,2025-07-06,145,men's clothing,55.99,0
3,Mens Cotton Jacket,2025-07-07,145,men's clothing,55.99,0
3,Mens Cotton Jacket,2025-07-08,144,men's clothing,55.99,0
3,Mens Cotton Jacket,2025-07-09,186,men's clothing,55.99,1
3,Mens Cotton Jacket,2025-07-10,185,men's clothing,55.99,0
3,Mens Cotton Jacket,2025-07-11,185,men's clothing,55.99,0
3,Mens Cotton Jacket,2025-07-12,184,men's clothing,55.99,0
3,Mens Cotton Jacket,2025-07-13,183,men's clothing,55.99,0
3,Mens Cotton Jacket,2025-07-14,182,men's clothing,55.99,0
3,Mens Cotton Jacket,2025-07-15,182,men's clothing,55.99,0
3,Mens Cotton Jacket,2025-07-16,263,men's clothing,55.99,1
3,Mens Cotton Jacket,2025-07-17,262,men's clothing,55.99,0
3,Mens Cotton Jacket,2025-07-18,261,men's clothing,55.99,0
3,Mens Cotton Jacket,2025-07-19,261,men's clothing,55.99,0
3,Mens Cotton Jacket,2025-07-20,260,men's clothing,55.99,0
3,Mens Cotton Jacket,2025-07-21,259,men's clothing,55.99,0
3,Mens Cotton Jacket,2025-07-22,259,men's clothing,55.99,0
3,Mens Cotton Jacket,2025-07-23,335,men's clothing,55.99,1
3,Mens Cotton Jacket,2025-07-24,335,men's clothing,55.99,0
3,Mens Cotton Jacket,2025-07-25,334,men's clothing,55.99,0
3,Mens Cotton Jacket,2025-07-26,334,men's clothing,55.99,0
3,Mens Cotton Jacket,2025-07-27,334,men's clothing,55.99,0
3,Mens Cotton Jacket,2025-07-28,334,men's clothing,55.99,0
3,Mens Cotton Jacket,2025-07-29,333,men's clothing,55.99,0
3,Mens Cotton Jacket,2025-07-30,424,men's clothing,55.99,1
3,Mens Cotton Jacket,2025-07-31,423,men's clothing,55.99,0
4,Mens Casual Slim Fit,2025-07-02,165,men's clothing,15.99,1
4,Mens Casual Slim Fit,2025-07-03,162,men's clothing,15.99,0
4,Mens Casual Slim Fit,2025-07-04,158,men's clothing,15.99,0
4,Mens Casual Slim Fit,2025-07-05,157,men's clothing,15.99,0
4,Mens Casual Slim Fit,2025-07-06,150,men's clothing,15.99,0
4,Mens Casual Slim Fit,2025-07-07,147,men's clothing,15.99,0
4,Mens Casual Slim Fit,2025-07-08,142,men's clothing,15.99,0
4,Mens Casual Slim Fit,2025-07-09,203,men's clothing,15.99,1
4,Mens Casual Slim Fit,2025-07-10,198,men's clothing,15.99,0
4,Mens Casual Slim Fit,2025-07-11,196,men's clothing,15.99,0
4,Mens Casual Slim Fit,2025-07-12,189,men's clothing,15.99,0
4,Mens Casual Slim Fit,2025-07-13,183,men's clothing,15.99,0
4,Mens Casual Slim Fit,2025-07-14,182,men's clothing,15.99,0
4,Mens Casual Slim Fit,2025-07-15,175,men's clothing,15.99,0
4,Mens Casual Slim Fit,2025-07-16,212,men's clothing,15.99,1
4,Mens Casual Slim Fit,2025-07-17,208,men's clothing,15.99,0
4,Mens Casual Slim Fit,2025-07-18,201,men's clothing,15.99,0
4,Mens Casual Slim Fit,2025-07-19,199,men's clothing,15.99,0
4,Mens Casual Slim Fit,2025-07-20,199,men's clothing,15.99,0
4,Mens Casual Slim Fit,2025-07-21,194,men's clothing,15.99,0
4,Mens Casual Slim Fit,2025-07-22,192,men's clothing,15.99,0
4,Mens Casual Slim Fit,2025-07-23,262,men's clothing,15.99,1
4,Mens Casual Slim Fit,2025-07-24,257,men's clothing,15.99,0
4,Mens Casual Slim Fit,2025-07-25,250,men's clothing,15.99,0
4,Mens Casual Slim Fit,2025-07-26,249,men's clothing,15.99,0
4,Mens Casual Slim Fit,2025-07-27,240,men's clothing,15.99,0
4,Mens Casual Slim Fit,2025-07-28,232,men's clothing,15.99,0
4,Mens Casual Slim Fit,2025-07-29,232,men's clothing,15.99,0
4,Mens Casual Slim Fit,2025-07-30,321,men's clothing,15.99,1
4,Mens Casual Slim Fit,2025-07-31,316,men's clothing,15.99,0
5,John Hardy Women's Legends Naga Gold & Silver Dragon Station Chain Bracelet,2025-07-02,87,jewelery,695.0,1
5,John Hardy Women's Legends Naga Gold & Silver Dragon Station Chain Bracelet,2025-07-03,82,jewelery,695.0,0
5,John Hardy Women's Legends Naga Gold & Silver Dragon Station Chain Bracelet,2025-07-04,77,jewelery,695.0,0
5,John Hardy Women's Legends Naga Gold & Silver Dragon Station Chain Bracelet,2025-07-05,73,jewelery,695.0,0
5,John Hardy Women's Legends Naga Gold & Silver Dragon Station Chain Bracelet,2025-07-06,69,jewelery,695.0,0
5,John Hardy Women's Legends Naga Gold & Silver Dragon Station Chain Bracelet,2025-07-07,60,jewelery,695.0,0
5,John Hardy Women's Legends Naga Gold & Silver Dragon Station Chain Bracelet,2025-07-08,57,jewelery,695.0,0
5,John Hardy Women's Legends Naga Gold & Silver Dragon Station Chain Bracelet,2025-07-09,123,jewelery,695.0,1
5,John Hardy Women's Legends Naga Gold & Silver Dragon Station Chain Bracelet,2025-07-10,122,jewelery,695.0,0
5,John Hardy Women's Legends Naga Gold & Silver Dragon Station Chain Bracelet,2025-07-11,114,jewelery,695.0,0
5,John Hardy Women's Legends Naga Gold & Silver Dragon Station Chain Bracelet,2025-07-12,114,jewelery,695.0,0
5,John Hardy Women's Legends Naga Gold & Silver Dragon Station Chain Bracelet,2025-07-13,105,jewelery,695.0,0
5,John Hardy Women's Legends Naga Gold & Silver Dragon Station Chain Bracelet,2025-07-14,99,jewelery,695.0,0
5,John Hardy Women's Legends Naga Gold & Silver Dragon Station Chain Bracelet,2025-07-15,96,jewelery,695.0,0
5,John Hardy Women's Legends Naga Gold & Silver Dragon Station Chain Bracelet,2025-07-16,177,jewelery,695.0,1
5,John Hardy Women's Legends Naga Gold & Silver Dragon Station Chain Bracelet,2025-07-17,170,jewelery,695.0,0
5,John Hardy Women's Legends Naga Gold & Silver Dragon Station Chain Bracelet,2025-07-18,168,jewelery,695.0,0
5,John Hardy Women's Legends Naga Gold & Silver Dragon Station Chain Bracelet,2025-07-19,165,jewelery,695.0,0
5,John Hardy Women's Legends Naga Gold & Silver Dragon Station Chain Bracelet,2025-07-20,165,jewelery,695.0,0
5,John Hardy Women's Legends Naga Gold & Silver Dragon Station Chain Bracelet,2025-07-21,161,jewelery,695.0,0
5,John Hardy Women's Legends Naga Gold & Silver Dragon Station Chain Bracelet,2025-07-22,153,jewelery,695.0,0
5,John Hardy Women's Legends Naga Gold & Silver Dragon Station Chain Bracelet,2025-07-23,196,jewelery,695.0,1
5,John Hardy Women's Legends Naga Gold & Silver Dragon Station Chain Bracelet,2025-07-24,195,jewelery,695.0,0
5,John Hardy Women's Legends Naga Gold & Silver Dragon Station Chain Bracelet,2025-07-25,190,jewelery,695.0,0
5,John Hardy Women's Legends Naga Gold & Silver Dragon Station Chain Bracelet,2025-07-26,183,jewelery,695.0,0
5,John Hardy Women's Legends Naga Gold & Silver Dragon Station Chain Bracelet,2025-07-27,181,jewelery,695.0,0
5,John Hardy Women's Legends Naga Gold & Silver Dragon Station Chain Bracelet,2025-07-28,176,jewelery,695.0,0
5,John Hardy Women's Legends Naga Gold & Silver Dragon Station Chain Bracelet,2025-07-29,176,jewelery,695.0,0
5,John Hardy Women's Legends Naga Gold & Silver Dragon Station Chain Bracelet,2025-07-30,237,jewelery,695.0,1
5,John Hardy Women's Legends Naga Gold & Silver Dragon Station Chain Bracelet,2025-07-31,231,jewelery,695.0,0
6,Solid Gold Petite Micropave ,2025-07-02,147,jewelery,168.0,1
6,Solid Gold Petite Micropave ,2025-07-03,142,jewelery,168.0,0
6,Solid Gold Petite Micropave ,2025-07-04,137,jewelery,168.0,0
6,Solid Gold Petite Micropave ,2025-07-05,132,jewelery,168.0,0
6,Solid Gold Petite Micropave ,2025-07-06,129,jewelery,168.0,0
6,Solid Gold Petite Micropave ,2025-07-07,123,jewelery,168.0,0
6,Solid Gold Petite Micropave ,2025-07-08,122,jewelery,168.0,0
6,Solid Gold Petite Micropave ,2025-07-09,214,jewelery,168.0,1
6,Solid Gold Petite Micropave ,2025-07-10,209,jewelery,168.0,0
6,Solid Gold Petite Micropave ,2025-07-11,205,jewelery,168.0,0
6,Solid Gold Petite Micropave ,2025-07-12,202,jewelery,168.0,0
6,Solid Gold Petite Micropave ,2025-07-13,202,jewelery,168.0,0
6,Solid Gold Petite Micropave ,2025-07-14,200,jewelery,168.0,0
6,Solid Gold Petite Micropave ,2025-07-15,198,jewelery,168.0,0
6,Solid Gold Petite Micropave ,2025-07-16,292,jewelery,168.0,1
6,Solid Gold Petite Micropave ,2025-07-17,287,jewelery,168.0,0
6,Solid Gold Petite Micropave ,2025-07-18,287,jewelery,168.0,0
6,Solid Gold Petite Micropave ,2025-07-19,285,jewelery,168.0,0
6,Solid Gold Petite Micropave ,2025-07-20,284,jewelery,168.0,0
6,Solid Gold Petite Micropave ,2025-07-21,280,jewelery,168.0,0
6,Solid Gold Petite Micropave ,2025-07-22,276,jewelery,168.0,0
6,Solid Gold Petite Micropave ,2025-07-23,347,jewelery,168.0,1
6,Solid Gold Petite Micropave ,2025-07-24,340,jewelery,168.0,0
6,Solid Gold Petite Micropave ,2025-07-25,339,jewelery,168.0,0
6,Solid Gold Petite Micropave ,2025-07-26,335,jewelery,168.0,0
6,Solid Gold Petite Micropave ,2025-07-27,328,jewelery,168.0,0
6,Solid Gold Petite Micropave ,2025-07-28,322,jewelery,168.0,0
6,Solid Gold Petite Micropave ,2025-07-29,316,jewelery,168.0,0
6,Solid Gold Petite Micropave ,2025-07-30,382,jewelery,168.0,1
6,Solid Gold Petite Micropave ,2025-07-31,376,jewelery,168.0,0
7,White Gold Plated Princess,2025-07-02,246,jewelery,9.99,1
7,White Gold Plated Princess,2025-07-03,239,jewelery,9.99,0
7,White Gold Plated Princess,2025-07-04,230,jewelery,9.99,0
7,White Gold Plated Princess,2025-07-05,230,jewelery,9.99,0
7,White Gold Plated Princess,2025-07-06,220,jewelery,9.99,0
7,White Gold Plated Princess,2025-07-07,213,jewelery,9.99,0
7,White Gold Plated Princess,2025-07-08,206,jewelery,9.99,0
7,White Gold Plated Princess,2025-07-09,235,jewelery,9.99,1
7,White Gold Plated Princess,2025-07-10,225,jewelery,9.99,0
7,White Gold Plated Princess,2025-07-11,216,jewelery,9.99,0
7,White Gold Plated Princess,2025-07-12,209,jewelery,9.99,0
7,White Gold Plated Princess,2025-07-13,204,jewelery,9.99,0
7,White Gold Plated Princess,2025-07-14,204,jewelery,9.99,0
7,White Gold Plated Princess,2025-07-15,195,jewelery,9.99,0
7,White Gold Plated Princess,2025-07-16,259,jewelery,9.99,1
7,White Gold Plated Princess,2025-07-17,256,jewelery,9.99,0
7,White Gold Plated Princess,2025-07-18,249,jewelery,9.99,0
7,White Gold Plated Princess,2025-07-19,239,jewelery,9.99,0
7,White Gold Plated Princess,2025-07-20,238,jewelery,9.99,0
7,White Gold Plated Princess,2025-07-21,231,jewelery,9.99,0
7,White Gold Plated Princess,2025-07-22,227,jewelery,9.99,0
7,White Gold Plated Princess,2025-07-23,300,jewelery,9.99,1
7,White Gold Plated Princess,2025-07-24,300,jewelery,9.99,0
7,White Gold Plated Princess,2025-07-25,291,jewelery,9.99,0
7,White Gold Plated Princess,2025-07-26,281,jewelery,9.99,0
7,White Gold Plated Princess,2025-07-27,277,jewelery,9.99,0
7,White Gold Plated Princess,2025-07-28,268,jewelery,9.99,0
7,White Gold Plated Princess,2025-07-29,258,jewelery,9.99,0
7,White Gold Plated Princess,2025-07-30,323,jewelery,9.99,1
7,White Gold Plated Princess,2025-07-31,319,jewelery,9.99,0
8,Pierced Owl Rose Gold Plated Stainless Steel Double,2025-07-02,114,jewelery,10.99,1
8,Pierced Owl Rose Gold Plated Stainless Steel Double,2025-07-03,113,jewelery,10.99,0
8,Pierced Owl Rose Gold Plated Stainless Steel Double,2025-07-04,111,jewelery,10.99,0
8,Pierced Owl Rose Gold Plated Stainless Steel Double,2025-07-05,106,jewelery,10.99,0
8,Pierced Owl Rose Gold Plated Stainless Steel Double,2025-07-06,106,jewelery,10.99,0
8,Pierced Owl Rose Gold Plated Stainless Steel Double,2025-07-07,99,jewelery,10.99,0
8,Pierced Owl Rose Gold Plated Stainless Steel Double,2025-07-08,97,jewelery,10.99,0
8,Pierced Owl Rose Gold Plated Stainless Steel Double,2025-07-09,127,jewelery,10.99,1
8,Pierced Owl Rose Gold Plated Stainless Steel Double,2025-07-10,124,jewelery,10.99,0
8,Pierced Owl Rose Gold Plated Stainless Steel Double,2025-07-11,123,jewelery,10.99,0
8,Pierced Owl Rose Gold Plated Stainless Steel Double,2025-07-12,115,jewelery,10.99,0
8,Pierced Owl Rose Gold Plated Stainless Steel Double,2025-07-13,114,jewelery,10.99,0
8,Pierced Owl Rose Gold Plated Stainless Steel Double,2025-07-14,111,jewelery,10.99,0
8,Pierced Owl Rose Gold Plated Stainless Steel Double,2025-07-15,110,jewelery,10.99,0
8,Pierced Owl Rose Gold Plated Stainless Steel Double,2025-07-16,195,jewelery,10.99,1
8,Pierced Owl Rose Gold Plated Stainless Steel Double,2025-07-17,191,jewelery,10.99,0
8,Pierced Owl Rose Gold Plated Stainless Steel Double,2025-07-18,190,jewelery,10.99,0
8,Pierced Owl Rose Gold Plated Stainless Steel Double,2025-07-19,187,jewelery,10.99,0
8,Pierced Owl Rose Gold Plated Stainless Steel Double,2025-07-20,180,jewelery,10.99,0
8,Pierced Owl Rose Gold Plated Stainless Steel Double,2025-07-21,174,jewelery,10.99,0
8,Pierced Owl Rose Gold Plated Stainless Steel Double,2025-07-22,173,jewelery,10.99,0
8,Pierced Owl Rose Gold Plated Stainless Steel Double,2025-07-23,219,jewelery,10.99,1
8,Pierced Owl Rose Gold Plated Stainless Steel Double,2025-07-24,218,jewelery,10.99,0
8,Pierced Owl Rose Gold Plated Stainless Steel Double,2025-07-25,215,jewelery,10.99,0
8,Pierced Owl Rose Gold Plated Stainless Steel Double,2025-07-26,212,jewelery,10.99,0
8,Pierced Owl Rose Gold Plated Stainless Steel Double,2025-07-27,208,jewelery,10.99,0
8,Pierced Owl Rose Gold Plated Stainless Steel Double,2025-07-28,208,jewelery,10.99,0
8,Pierced Owl Rose Gold Plated Stainless Steel Double,2025-07-29,206,jewelery,10.99,0
8,Pierced Owl Rose Gold Plated Stainless Steel Double,2025-07-30,257,jewelery,10.99,1
8,Pierced Owl Rose Gold Plated Stainless Steel Double,2025-07-31,254,jewelery,10.99,0
9,WD 2TB Elements Portable External Hard Drive - USB 3.0 ,2025-07-02,252,electronics,64.0,1
9,WD 2TB Elements Portable External Hard Drive - USB 3.0 ,2025-07-03,252,electronics,64.0,0
9,WD 2TB Elements Portable External Hard Drive - USB 3.0 ,2025-07-04,251,electronics,64.0,0
9,WD 2TB Elements Portable External Hard Drive - USB 3.0 ,2025-07-05,251,electronics,64.0,0
9,WD 2TB Elements Portable External Hard Drive - USB 3.0 ,2025-07-06,250,electronics,64.0,0
9,WD 2TB Elements Portable External Hard Drive - USB 3.0 ,2025-07-07,250,electronics,64.0,0
9,WD 2TB Elements Portable External Hard Drive - USB 3.0 ,2025-07-08,249,electronics,64.0,0
9,WD 2TB Elements Portable External Hard Drive - USB 3.0 ,2025-07-09,289,electronics,64.0,1
9,WD 2TB Elements Portable External Hard Drive - USB 3.0 ,2025-07-10,287,electronics,64.0,0
9,WD 2TB Elements Portable External Hard Drive - USB 3.0 ,2025-07-11,286,electronics,64.0,0
9,WD 2TB Elements Portable External Hard Drive - USB 3.0 ,2025-07-12,284,electronics,64.0,0
9,WD 2TB Elements Portable External Hard Drive - USB 3.0 ,2025-07-13,284,electronics,64.0,0
9,WD 2TB Elements Portable External Hard Drive - USB 3.0 ,2025-07-14,283,electronics,64.0,0
9,WD 2TB Elements Portable External Hard Drive - USB 3.0 ,2025-07-15,279,electronics,64.0,0
9,WD 2TB Elements Portable External Hard Drive - USB 3.0 ,2025-07-16,326,electronics,64.0,1
9,WD 2TB Elements Portable External Hard Drive - USB 3.0 ,2025-07-17,320,electronics,64.0,0
9,WD 2TB Elements Portable External Hard Drive - USB 3.0 ,2025-07-18,313,electronics,64.0,0
9,WD 2TB Elements Portable External Hard Drive - USB 3.0 ,2025-07-19,312,electronics,64.0,0
9,WD 2TB Elements Portable External Hard Drive - USB 3.0 ,2025-07-20,311,electronics,64.0,0
9,WD 2TB Elements Portable External Hard Drive - USB 3.0 ,2025-07-21,304,electronics,64.0,0
9,WD 2TB Elements Portable External Hard Drive - USB 3.0 ,2025-07-22,301,electronics,64.0,0
9,WD 2TB Elements Portable External Hard Drive - USB 3.0 ,2025-07-23,355,electronics,64.0,1
9,WD 2TB Elements Portable External Hard Drive - USB 3.0 ,2025-07-24,353,electronics,64.0,0
9,WD 2TB Elements Portable External Hard Drive - USB 3.0 ,2025-07-25,352,electronics,64.0,0
9,WD 2TB Elements Portable External Hard Drive - USB 3.0 ,2025-07-26,347,electronics,64.0,0
9,WD 2TB Elements Portable External Hard Drive - USB 3.0 ,2025-07-27,343,electronics,64.0,0
9,WD 2TB Elements Portable External Hard Drive - USB 3.0 ,2025-07-28,342,electronics,64.0,0
9,WD 2TB Elements Portable External Hard Drive - USB 3.0 ,2025-07-29,342,electronics,64.0,0
9,WD 2TB Elements Portable External Hard Drive - USB 3.0 ,2025-07-30,413,electronics,64.0,1
9,WD 2TB Elements Portable External Hard Drive - USB 3.0 ,2025-07-31,412,electronics,64.0,0
10,SanDisk SSD PLUS 1TB Internal SSD - SATA III 6 Gb/s,2025-07-02,185,electronics,109.0,1
10,SanDisk SSD PLUS 1TB Internal SSD - SATA III 6 Gb/s,2025-07-03,182,electronics,109.0,0
10,SanDisk SSD PLUS 1TB Internal SSD - SATA III 6 Gb/s,2025-07-04,182,electronics,109.0,0
10,SanDisk SSD PLUS 1TB Internal SSD - SATA III 6 Gb/s,2025-07-05,182,electronics,109.0,0
10,SanDisk SSD PLUS 1TB Internal SSD - SATA III 6 Gb/s,2025-07-06,178,electronics,109.0,0
10,SanDisk SSD PLUS 1TB Internal SSD - SATA III 6 Gb/s,2025-07-07,177,electronics,109.0,0
10,SanDisk SSD PLUS 1TB Internal SSD - SATA III 6 Gb/s,2025-07-08,177,electronics,109.0,0
10,SanDisk SSD PLUS 1TB Internal SSD - SATA III 6 Gb/s,2025-07-09,240,electronics,109.0,1
10,SanDisk SSD PLUS 1TB Internal SSD - SATA III 6 Gb/s,2025-07-10,240,electronics,109.0,0
10,SanDisk SSD PLUS 1TB Internal SSD - SATA III 6 Gb/s,2025-07-11,239,electronics,109.0,0
10,SanDisk SSD PLUS 1TB Internal SSD - SATA III 6 Gb/s,2025-07-12,239,electronics,109.0,0
10,SanDisk SSD PLUS 1TB Internal SSD - SATA III 6 Gb/s,2025-07-13,239,electronics,109.0,0
10,SanDisk SSD PLUS 1TB Internal SSD - SATA III 6 Gb/s,2025-07-14,239,electronics,109.0,0
10,SanDisk SSD PLUS 1TB Internal SSD - SATA III 6 Gb/s,2025-07-15,235,electronics,109.0,0
10,SanDisk SSD PLUS 1TB Internal SSD - SATA III 6 Gb/s,2025-07-16,304,electronics,109.0,1
10,SanDisk SSD PLUS 1TB Internal SSD - SATA III 6 Gb/s,2025-07-17,303,electronics,109.0,0
10,SanDisk SSD PLUS 1TB Internal SSD - SATA III 6 Gb/s,2025-07-18,300,electronics,109.0,0
10,SanDisk SSD PLUS 1TB Internal SSD - SATA III 6 Gb/s,2025-07-19,299,electronics,109.0,0
10,SanDisk SSD PLUS 1TB Internal SSD - SATA III 6 Gb/s,2025-07-20,298,electronics,109.0,0
10,SanDisk SSD PLUS 1TB Internal SSD - SATA III 6 Gb/s,2025-07-21,294,electronics,109.0,0
10,SanDisk SSD PLUS 1TB Internal SSD - SATA III 6 Gb/s,2025-07-22,290,electronics,109.0,0
10,SanDisk SSD PLUS 1TB Internal SSD - SATA III 6 Gb/s,2025-07-23,329,electronics,109.0,1
10,SanDisk SSD PLUS 1TB Internal SSD - SATA III 6 Gb/s,2025-07-24,327,electronics,109.0,0
10,SanDisk SSD PLUS 1TB Internal SSD - SATA III 6 Gb/s,2025-07-25,325,electronics,109.0,0
10,SanDisk SSD PLUS 1TB Internal SSD - SATA III 6 Gb/s,2025-07-26,322,electronics,109.0,0
10,SanDisk SSD PLUS 1TB Internal SSD - SATA III 6 Gb/s,2025-07-27,321,electronics,109.0,0
10,SanDisk SSD PLUS 1TB Internal SSD - SATA III 6 Gb/s,2025-07-28,317,electronics,109.0,0
10,SanDisk SSD PLUS 1TB Internal SSD - SATA III 6 Gb/s,2025-07-29,314,electronics,109.0,0
10,SanDisk SSD PLUS 1TB Internal SSD - SATA III 6 Gb/s,2025-07-30,398,electronics,109.0,1
10,SanDisk SSD PLUS 1TB Internal SSD - SATA III 6 Gb/s,2025-07-31,394,electronics,109.0,0
11,Silicon Power 256GB SSD 3D NAND A55 SLC Cache Performance Boost SATA III 2.5,2025-07-02,217,electronics,109.0,1
11,Silicon Power 256GB SSD 3D NAND A55 SLC Cache Performance Boost SATA III 2.5,2025-07-03,210,electronics,109.0,0
11,Silicon Power 256GB SSD 3D NAND A55 SLC Cache Performance Boost SATA III 2.5,2025-07-04,209,electronics,109.0,0
11,Silicon Power 256GB SSD 3D NAND A55 SLC Cache Performance Boost SATA III 2.5,2025-07-05,202,electronics,109.0,0
11,Silicon Power 256GB SSD 3D NAND A55 SLC Cache Performance Boost SATA III 2.5,2025-07-06,199,electronics,109.0,0
11,Silicon Power 256GB SSD 3D NAND A55 SLC Cache Performance Boost SATA III 2.5,2025-07-07,198,electronics,109.0,0
11,Silicon Power 256GB SSD 3D NAND A55 SLC Cache Performance Boost SATA III 2.5,2025-07-08,194,electronics,109.0,0
11,Silicon Power 256GB SSD 3D NAND A55 SLC Cache Performance Boost SATA III 2.5,2025-07-09,267,electronics,109.0,1
11,Silicon Power 256GB SSD 3D NAND A55 SLC Cache Performance Boost SATA III 2.5,2025-07-10,266,electronics,109.0,0
11,Silicon Power 256GB SSD 3D NAND A55 SLC Cache Performance Boost SATA III 2.5,2025-07-11,264,electronics,109.0,0
11,Silicon Power 256GB SSD 3D NAND A55 SLC Cache Performance Boost SATA III 2.5,2025-07-12,260,electronics,109.0,0
11,Silicon Power 256GB SSD 3D NAND A55 SLC Cache Performance Boost SATA III 2.5,2025-07-13,258,electronics,109.0,0
11,Silicon Power 256GB SSD 3D NAND A55 SLC Cache Performance Boost SATA III 2.5,2025-07-14,258,electronics,109.0,0
11,Silicon Power 256GB SSD 3D NAND A55 SLC Cache Performance Boost SATA III 2.5,2025-07-15,255,electronics,109.0,0
11,Silicon Power 256GB SSD 3D NAND A55 SLC Cache Performance Boost SATA III 2.5,2025-07-16,343,electronics,109.0,1
11,Silicon Power 256GB SSD 3D NAND A55 SLC Cache Performance Boost SATA III 2.5,2025-07-17,335,electronics,109.0,0
11,Silicon Power 256GB SSD 3D NAND A55 SLC Cache Performance Boost SATA III 2.5,2025-07-18,331,electronics,109.0,0
11,Silicon Power 256GB SSD 3D NAND A55 SLC Cache Performance Boost SATA III 2.5,2025-07-19,330,electronics,109.0,0
11,Silicon Power 256GB SSD 3D NAND A55 SLC Cache Performance Boost SATA III 2.5,2025-07-20,327,electronics,109.0,0
11,Silicon Power 256GB SSD 3D NAND A55 SLC Cache Performance Boost SATA III 2.5,2025-07-21,326,electronics,109.0,0
11,Silicon Power 256GB SSD 3D NAND A55 SLC Cache Performance Boost SATA III 2.5,2025-07-22,324,electronics,109.0,0
11,Silicon Power 256GB SSD 3D NAND A55 SLC Cache Performance Boost SATA III 2.5,2025-07-23,413,electronics,109.0,1
11,Silicon Power 256GB SSD 3D NAND A55 SLC Cache Performance Boost SATA III 2.5,2025-07-24,412,electronics,109.0,0
11,Silicon Power 256GB SSD 3D NAND A55 SLC Cache Performance Boost SATA III 2.5,2025-07-25,409,electronics,109.0,0
11,Silicon Power 256GB SSD 3D NAND A55 SLC Cache Performance Boost SATA III 2.5,2025-07-26,407,electronics,109.0,0
11,Silicon Power 256GB SSD 3D NAND A55 SLC Cache Performance Boost SATA III 2.5,2025-07-27,402,electronics,109.0,0
11,Silicon Power 256GB SSD 3D NAND A55 SLC Cache Performance Boost SATA III 2.5,2025-07-28,394,electronics,109.0,0
11,Silicon Power 256GB SSD 3D NAND A55 SLC Cache Performance Boost SATA III 2.5,2025-07-29,392,electronics,109.0,0
11,Silicon Power 256GB SSD 3D NAND A55 SLC Cache Performance Boost SATA III 2.5,2025-07-30,463,electronics,109.0,1
11,Silicon Power 256GB SSD 3D NAND A55 SLC Cache Performance Boost SATA III 2.5,2025-07-31,457,electronics,109.0,0
12,WD 4TB Gaming Drive Works with Playstation 4 Portable External Hard Drive,2025-07-02,136,electronics,114.0,1
12,WD 4TB Gaming Drive Works with Playstation 4 Portable External Hard Drive,2025-07-03,136,electronics,114.0,0
12,WD 4TB Gaming Drive Works with Playstation 4 Portable External Hard Drive,2025-07-04,136,electronics,114.0,0
12,WD 4TB Gaming Drive Works with Playstation 4 Portable External Hard Drive,2025-07-05,133,electronics,114.0,0
12,WD 4TB Gaming Drive Works with Playstation 4 Portable External Hard Drive,2025-07-06,132,electronics,114.0,0
12,WD 4TB Gaming Drive Works with Playstation 4 Portable External Hard Drive,2025-07-07,129,electronics,114.0,0
12,WD 4TB Gaming Drive Works with Playstation 4 Portable External Hard Drive,2025-07-08,129,electronics,114.0,0
12,WD 4TB Gaming Drive Works with Playstation 4 Portable External Hard Drive,2025-07-09,208,electronics,114.0,1
12,WD 4TB Gaming Drive Works with Playstation 4 Portable External Hard Drive,2025-07-10,205,electronics,114.0,0
12,WD 4TB Gaming Drive Works with Playstation 4 Portable External Hard Drive,2025-07-11,205,electronics,114.0,0
12,WD 4TB Gaming Drive Works with Playstation 4 Portable External Hard Drive,2025-07-12,202,electronics,114.0,0
12,WD 4TB Gaming Drive Works with Playstation 4 Portable External Hard Drive,2025-07-13,199,electronics,114.0,0
12,WD 4TB Gaming Drive Works with Playstation 4 Portable External Hard Drive,2025-07-14,197,electronics,114.0,0
12,WD 4TB Gaming Drive Works with Playstation 4 Portable External Hard Drive,2025-07-15,195,electronics,114.0,0
12,WD 4TB Gaming Drive Works with Playstation 4 Portable External Hard Drive,2025-07-16,229,electronics,114.0,1
12,WD 4TB Gaming Drive Works with Playstation 4 Portable External Hard Drive,2025-07-17,226,electronics,114.0,0
12,WD 4TB Gaming Drive Works with Playstation 4 Portable External Hard Drive,2025-07-18,226,electronics,114.0,0
12,WD 4TB Gaming Drive Works with Playstation 4 Portable External Hard Drive,2025-07-19,224,electronics,114.0,0
12,WD 4TB Gaming Drive Works with Playstation 4 Portable External Hard Drive,2025-07-20,222,electronics,114.0,0
12,WD 4TB Gaming Drive Works with Playstation 4 Portable External Hard Drive,2025-07-21,222,electronics,114.0,0
12,WD 4TB Gaming Drive Works with Playstation 4 Portable External Hard Drive,2025-07-22,221,electronics,114.0,0
12,WD 4TB Gaming Drive Works with Playstation 4 Portable External Hard Drive,2025-07-23,284,electronics,114.0,1
12,WD 4TB Gaming Drive Works with Playstation 4 Portable External Hard Drive,2025-07-24,282,electronics,114.0,0
12,WD 4TB Gaming Drive Works with Playstation 4 Portable External Hard Drive,2025-07-25,281,electronics,114.0,0
12,WD 4TB Gaming Drive Works with Playstation 4 Portable External Hard Drive,2025-07-26,281,electronics,114.0,0
12,WD 4TB Gaming Drive Works with Playstation 4 Portable External Hard Drive,2025-07-27,281,electronics,114.0,0
12,WD 4TB Gaming Drive Works with Playstation 4 Portable External Hard Drive,2025-07-28,278,electronics,114.0,0
12,WD 4TB Gaming Drive Works with Playstation 4 Portable External Hard Drive,2025-07-29,277,electronics,114.0,0
12,WD 4TB Gaming Drive Works with Playstation 4 Portable External Hard Drive,2025-07-30,324,electronics,114.0,1
12,WD 4TB Gaming Drive Works with Playstation 4 Portable External Hard Drive,2025-07-31,324,electronics,114.0,0
13,Acer SB220Q bi 21.5 inches Full HD (1920 x 1080) IPS Ultra-Thin,2025-07-02,232,electronics,599.0,1
13,Acer SB220Q bi 21.5 inches Full HD (1920 x 1080) IPS Ultra-Thin,2025-07-03,226,electronics,599.0,0
13,Acer SB220Q bi 21.5 inches Full HD (1920 x 1080) IPS Ultra-Thin,2025-07-04,225,electronics,599.0,0
13,Acer SB220Q bi 21.5 inches Full HD (1920 x 1080) IPS Ultra-Thin,2025-07-05,222,electronics,599.0,0
13,Acer SB220Q bi 21.5 inches Full HD (1920 x 1080) IPS Ultra-Thin,2025-07-06,217,electronics,599.0,0
13,Acer SB220Q bi 21.5 inches Full HD (1920 x 1080) IPS Ultra-Thin,2025-07-07,214,electronics,599.0,0
13,Acer SB220Q bi 21.5 inches Full HD (1920 x 1080) IPS Ultra-Thin,2025-07-08,212,electronics,599.0,0
13,Acer SB220Q bi 21.5 inches Full HD (1920 x 1080) IPS Ultra-Thin,2025-07-09,284,electronics,599.0,1
13,Acer SB220Q bi 21.5 inches Full HD (1920 x 1080) IPS Ultra-Thin,2025-07-10,281,electronics,599.0,0
13,Acer SB220Q bi 21.5 inches Full HD (1920 x 1080) IPS Ultra-Thin,2025-07-11,280,electronics,599.0,0
13,Acer SB220Q bi 21.5 inches Full HD (1920 x 1080) IPS Ultra-Thin,2025-07-12,280,electronics,599.0,0
13,Acer SB220Q bi 21.5 inches Full HD (1920 x 1080) IPS Ultra-Thin,2025-07-13,278,electronics,599.0,0
13,Acer SB220Q bi 21.5 inches Full HD (1920 x 1080) IPS Ultra-Thin,2025-07-14,277,electronics,599.0,0
13,Acer SB220Q bi 21.5 inches Full HD (1920 x 1080) IPS Ultra-Thin,2025-07-15,269,electronics,599.0,0
13,Acer SB220Q bi 21.5 inches Full HD (1920 x 1080) IPS Ultra-Thin,2025-07-16,306,electronics,599.0,1
13,Acer SB220Q bi 21.5 inches Full HD (1920 x 1080) IPS Ultra-Thin,2025-07-17,305,electronics,599.0,0
13,Acer SB220Q bi 21.5 inches Full HD (1920 x 1080) IPS Ultra-Thin,2025-07-18,304,electronics,599.0,0
13,Acer SB220Q bi 21.5 inches Full HD (1920 x 1080) IPS Ultra-Thin,2025-07-19,304,electronics,599.0,0
13,Acer SB220Q bi 21.5 inches Full HD (1920 x 1080) IPS Ultra-Thin,2025-07-20,302,electronics,599.0,0
13,Acer SB220Q bi 21.5 inches Full HD (1920 x 1080) IPS Ultra-Thin,2025-07-21,299,electronics,599.0,0
13,Acer SB220Q bi 21.5 inches Full HD (1920 x 1080) IPS Ultra-Thin,2025-07-22,297,electronics,599.0,0
13,Acer SB220Q bi 21.5 inches Full HD (1920 x 1080) IPS Ultra-Thin,2025-07-23,370,electronics,599.0,1
13,Acer SB220Q bi 21.5 inches Full HD (1920 x 1080) IPS Ultra-Thin,2025-07-24,362,electronics,599.0,0
13,Acer SB220Q bi 21.5 inches Full HD (1920 x 1080) IPS Ultra-Thin,2025-07-25,362,electronics,599.0,0
13,Acer SB220Q bi 21.5 inches Full HD (1920 x 1080) IPS Ultra-Thin,2025-07-26,362,electronics,599.0,0
13,Acer SB220Q bi 21.5 inches Full HD (1920 x 1080) IPS Ultra-Thin,2025-07-27,361,electronics,599.0,0
13,Acer SB220Q bi 21.5 inches Full HD (1920 x 1080) IPS Ultra-Thin,2025-07-28,361,electronics,599.0,0
13,Acer SB220Q bi 21.5 inches Full HD (1920 x 1080) IPS Ultra-Thin,2025-07-29,361,electronics,599.0,0
13,Acer SB220Q bi 21.5 inches Full HD (1920 x 1080) IPS Ultra-Thin,2025-07-30,452,electronics,599.0,1
13,Acer SB220Q bi 21.5 inches Full HD (1920 x 1080) IPS Ultra-Thin,2025-07-31,450,electronics,599.0,0
14,Samsung 49-Inch CHG90 144Hz Curved Gaming Monitor (LC49HG90DMNXZA) – Super Ultrawide Screen QLED ,2025-07-02,140,electronics,999.99,1
14,Samsung 49-Inch CHG90 144Hz Curved Gaming Monitor (LC49HG90DMNXZA) – Super Ultrawide Screen QLED ,2025-07-03,140,electronics,999.99,0
14,Samsung 49-Inch CHG90 144Hz Curved Gaming Monitor (LC49HG90DMNXZA) – Super Ultrawide Screen QLED ,2025-07-04,140,electronics,999.99,0
14,Samsung 49-Inch CHG90 144Hz Curved Gaming Monitor (LC49HG90DMNXZA) – Super Ultrawide Screen QLED ,2025-07-05,140,electronics,999.99,0
14,Samsung 49-Inch CHG90 144Hz Curved Gaming Monitor (LC49HG90DMNXZA) – Super Ultrawide Screen QLED ,2025-07-06,139,electronics,999.99,0
14,Samsung 49-Inch CHG90 144Hz Curved Gaming Monitor (LC49HG90DMNXZA) – Super Ultrawide Screen QLED ,2025-07-07,139,electronics,999.99,0
14,Samsung 49-Inch CHG90 144Hz Curved Gaming Monitor (LC49HG90DMNXZA) – Super Ultrawide Screen QLED ,2025-07-08,139,electronics,999.99,0
14,Samsung 49-Inch CHG90 144Hz Curved Gaming Monitor (LC49HG90DMNXZA) – Super Ultrawide Screen QLED ,2025-07-09,196,electronics,999.99,1
14,Samsung 49-Inch CHG90 144Hz Curved Gaming Monitor (LC49HG90DMNXZA) – Super Ultrawide Screen QLED ,2025-07-10,196,electronics,999.99,0
14,Samsung 49-Inch CHG90 144Hz Curved Gaming Monitor (LC49HG90DMNXZA) – Super Ultrawide Screen QLED ,2025-07-11,195,electronics,999.99,0
14,Samsung 49-Inch CHG90 144Hz Curved Gaming Monitor (LC49HG90DMNXZA) – Super Ultrawide Screen QLED ,2025-07-12,195,electronics,999.99,0
14,Samsung 49-Inch CHG90 144Hz Curved Gaming Monitor (LC49HG90DMNXZA) – Super Ultrawide Screen QLED ,2025-07-13,195,electronics,999.99,0
14,Samsung 49-Inch CHG90 144Hz Curved Gaming Monitor (LC49HG90DMNXZA) – Super Ultrawide Screen QLED ,2025-07-14,195,electronics,999.99,0
14,Samsung 49-Inch CHG90 144Hz Curved Gaming Monitor (LC49HG90DMNXZA) – Super Ultrawide Screen QLED ,2025-07-15,195,electronics,999.99,0
14,Samsung 49-Inch CHG90 144Hz Curved Gaming Monitor (LC49HG90DMNXZA) – Super Ultrawide Screen QLED ,2025-07-16,292,electronics,999.99,1
14,Samsung 49-Inch CHG90 144Hz Curved Gaming Monitor (LC49HG90DMNXZA) – Super Ultrawide Screen QLED ,2025-07-17,292,electronics,999.99,0
14,Samsung 49-Inch CHG90 144Hz Curved Gaming Monitor (LC49HG90DMNXZA) – Super Ultrawide Screen QLED ,2025-07-18,291,electronics,999.99,0
14,Samsung 49-Inch CHG90 144Hz Curved Gaming Monitor (LC49HG90DMNXZA) – Super Ultrawide Screen QLED ,2025-07-19,290,electronics,999.99,0
14,Samsung 49-Inch CHG90 144Hz Curved Gaming Monitor (LC49HG90DMNXZA) – Super Ultrawide Screen QLED ,2025-07-20,289,electronics,999.99,0
14,Samsung 49-Inch CHG90 144Hz Curved Gaming Monitor (LC49HG90DMNXZA) – Super Ultrawide Screen QLED ,2025-07-21,288,electronics,999.99,0
14,Samsung 49-Inch CHG90 144Hz Curved Gaming Monitor (LC49HG90DMNXZA) – Super Ultrawide Screen QLED ,2025-07-22,288,electronics,999.99,0
14,Samsung 49-Inch CHG90 144Hz Curved Gaming Monitor (LC49HG90DMNXZA) – Super Ultrawide Screen QLED ,2025-07-23,353,electronics,999.99,1
14,Samsung 49-Inch CHG90 144Hz Curved Gaming Monitor (LC49HG90DMNXZA) – Super Ultrawide Screen QLED ,2025-07-24,352,electronics,999.99,0
14,Samsung 49-Inch CHG90 144Hz Curved Gaming Monitor (LC49HG90DMNXZA) – Super Ultrawide Screen QLED ,2025-07-25,352,electronics,999.99,0
14,Samsung 49-Inch CHG90 144Hz Curved Gaming Monitor (LC49HG90DMNXZA) – Super Ultrawide Screen QLED ,2025-07-26,351,electronics,999.99,0
14,Samsung 49-Inch CHG90 144Hz Curved Gaming Monitor (LC49HG90DMNXZA) – Super Ultrawide Screen QLED ,2025-07-27,351,electronics,999.99,0
14,Samsung 49-Inch CHG90 144Hz Curved Gaming Monitor (LC49HG90DMNXZA) – Super Ultrawide Screen QLED ,2025-07-28,351,electronics,999.99,0
14,Samsung 49-Inch CHG90 144Hz Curved Gaming Monitor (LC49HG90DMNXZA) – Super Ultrawide Screen QLED ,2025-07-29,351,electronics,999.99,0
14,Samsung 49-Inch CHG90 144Hz Curved Gaming Monitor (LC49HG90DMNXZA) – Super Ultrawide Screen QLED ,2025-07-30,384,electronics,999.99,1
14,Samsung 49-Inch CHG90 144Hz Curved Gaming Monitor (LC49HG90DMNXZA) – Super Ultrawide Screen QLED ,2025-07-31,383,electronics,999.99,0
15,BIYLACLESEN Women's 3-in-1 Snowboard Jacket Winter Coats,2025-07-02,163,women's clothing,56.99,1
15,BIYLACLESEN Women's 3-in-1 Snowboard Jacket Winter Coats,2025-07-03,163,women's clothing,56.99,0
15,BIYLACLESEN Women's 3-in-1 Snowboard Jacket Winter Coats,2025-07-04,163,women's clothing,56.99,0
15,BIYLACLESEN Women's 3-in-1 Snowboard Jacket Winter Coats,2025-07-05,162,women's clothing,56.99,0
15,BIYLACLESEN Women's 3-in-1 Snowboard Jacket Winter Coats,2025-07-06,161,women's clothing,56.99,0
15,BIYLACLESEN Women's 3-in-1 Snowboard Jacket Winter Coats,2025-07-07,160,women's clothing,56.99,0
15,BIYLACLESEN Women's 3-in-1 Snowboard Jacket Winter Coats,2025-07-08,160,women's clothing,56.99,0
15,BIYLACLESEN Women's 3-in-1 Snowboard Jacket Winter Coats,2025-07-09,239,women's clothing,56.99,1
15,BIYLACLESEN Women's 3-in-1 Snowboard Jacket Winter Coats,2025-07-10,238,women's clothing,56.99,0
15,BIYLACLESEN Women's 3-in-1 Snowboard Jacket Winter Coats,2025-07-11,238,women's clothing,56.99,0
15,BIYLACLESEN Women's 3-in-1 Snowboard Jacket Winter Coats,2025-07-12,237,women's clothing,56.99,0
15,BIYLACLESEN Women's 3-in-1 Snowboard Jacket Winter Coats,2025-07-13,237,women's clothing,56.99,0
15,BIYLACLESEN Women's 3-in-1 Snowboard Jacket Winter Coats,2025-07-14,236,women's clothing,56.99,0
15,BIYLACLESEN Women's 3-in-1 Snowboard Jacket Winter Coats,2025-07-15,236,women's clothing,56.99,0
15,BIYLACLESEN Women's 3-in-1 Snowboard Jacket Winter Coats,2025-07-16,302,women's clothing,56.99,1
15,BIYLACLESEN Women's 3-in-1 Snowboard Jacket Winter Coats,2025-07-17,302,women's clothing,56.99,0
15,BIYLACLESEN Women's 3-in-1 Snowboard Jacket Winter Coats,2025-07-18,301,women's clothing,56.99,0
15,BIYLACLESEN Women's 3-in-1 Snowboard Jacket Winter Coats,2025-07-19,300,women's clothing,56.99,0
15,BIYLACLESEN Women's 3-in-1 Snowboard Jacket Winter Coats,2025-07-20,299,women's clothing,56.99,0
15,BIYLACLESEN Women's 3-in-1 Snowboard Jacket Winter Coats,2025-07-21,298,women's clothing,56.99,0
15,BIYLACLESEN Women's 3-in-1 Snowboard Jacket Winter Coats,2025-07-22,298,women's clothing,56.99,0
15,BIYLACLESEN Women's 3-in-1 Snowboard Jacket Winter Coats,2025-07-23,334,women's clothing,56.99,1
15,BIYLACLESEN Women's 3-in-1 Snowboard Jacket Winter Coats,2025-07-24,333,women's clothing,56.99,0
15,BIYLACLESEN Women's 3-in-1 Snowboard Jacket Winter Coats,2025-07-25,332,women's clothing,56.99,0
15,BIYLACLESEN Women's 3-in-1 Snowboard Jacket Winter Coats,2025-07-26,332,women's clothing,56.99,0
15,BIYLACLESEN Women's 3-in-1 Snowboard Jacket Winter Coats,2025-07-27,332,women's clothing,56.99,0
15,BIYLACLESEN Women's 3-in-1 Snowboard Jacket Winter Coats,2025-07-28,332,women's clothing,56.99,0
15,BIYLACLESEN Women's 3-in-1 Snowboard Jacket Winter Coats,2025-07-29,332,women's clothing,56.99,0
15,BIYLACLESEN Women's 3-in-1 Snowboard Jacket Winter Coats,2025-07-30,407,women's clothing,56.99,1
15,BIYLACLESEN Women's 3-in-1 Snowboard Jacket Winter Coats,2025-07-31,406,women's clothing,56.99,0
16,Lock and Love Women's Removable Hooded Faux Leather Moto Biker Jacket,2025-07-02,156,women's clothing,29.95,1
16,Lock and Love Women's Removable Hooded Faux Leather Moto Biker Jacket,2025-07-03,151,women's clothing,29.95,0
16,Lock and Love Women's Removable Hooded Faux Leather Moto Biker Jacket,2025-07-04,150,women's clothing,29.95,0
16,Lock and Love Women's Removable Hooded Faux Leather Moto Biker Jacket,2025-07-05,144,women's clothing,29.95,0
16,Lock and Love Women's Removable Hooded Faux Leather Moto Biker Jacket,2025-07-06,138,women's clothing,29.95,0
16,Lock and Love Women's Removable Hooded Faux Leather Moto Biker Jacket,2025-07-07,138,women's clothing,29.95,0
16,Lock and Love Women's Removable Hooded Faux Leather Moto Biker Jacket,2025-07-08,133,women's clothing,29.95,0
16,Lock and Love Women's Removable Hooded Faux Leather Moto Biker Jacket,2025-07-09,190,women's clothing,29.95,1
16,Lock and Love Women's Removable Hooded Faux Leather Moto Biker Jacket,2025-07-10,184,women's clothing,29.95,0
16,Lock and Love Women's Removable Hooded Faux Leather Moto Biker Jacket,2025-07-11,183,women's clothing,29.95,0
16,Lock and Love Women's Removable Hooded Faux Leather Moto Biker Jacket,2025-07-12,183,women's clothing,29.95,0
16,Lock and Love Women's Removable Hooded Faux Leather Moto Biker Jacket,2025-07-13,181,women's clothing,29.95,0
16,Lock and Love Women's Removable Hooded Faux Leather Moto Biker Jacket,2025-07-14,174,women's clothing,29.95,0
16,Lock and Love Women's Removable Hooded Faux Leather Moto Biker Jacket,2025-07-15,173,women's clothing,29.95,0
16,Lock and Love Women's Removable Hooded Faux Leather Moto Biker Jacket,2025-07-16,253,women's clothing,29.95,1
16,Lock and Love Women's Removable Hooded Faux Leather Moto Biker Jacket,2025-07-17,247,women's clothing,29.95,0
16,Lock and Love Women's Removable Hooded Faux Leather Moto Biker Jacket,2025-07-18,245,women's clothing,29.95,0
16,Lock and Love Women's Removable Hooded Faux Leather Moto Biker Jacket,2025-07-19,238,women's clothing,29.95,0
16,Lock and Love Women's Removable Hooded Faux Leather Moto Biker Jacket,2025-07-20,231,women's clothing,29.95,0
16,Lock and Love Women's Removable Hooded Faux Leather Moto Biker Jacket,2025-07-21,226,women's clothing,29.95,0
16,Lock and Love Women's Removable Hooded Faux Leather Moto Biker Jacket,2025-07-22,219,women's clothing,29.95,0
16,Lock and Love Women's Removable Hooded Faux Leather Moto Biker Jacket,2025-07-23,288,women's clothing,29.95,1
16,Lock and Love Women's Removable Hooded Faux Leather Moto Biker Jacket,2025-07-24,286,women's clothing,29.95,0
16,Lock and Love Women's Removable Hooded Faux Leather Moto Biker Jacket,2025-07-25,283,women's clothing,29.95,0
16,Lock and Love Women's Removable Hooded Faux Leather Moto Biker Jacket,2025-07-26,276,women's clothing,29.95,0
16,Lock and Love Women's Removable Hooded Faux Leather Moto Biker Jacket,2025-07-27,270,women's clothing,29.95,0
16,Lock and Love Women's Removable Hooded Faux Leather Moto Biker Jacket,2025-07-28,270,women's clothing,29.95,0
16,Lock and Love Women's Removable Hooded Faux Leather Moto Biker Jacket,2025-07-29,269,women's clothing,29.95,0
16,Lock and Love Women's Removable Hooded Faux Leather Moto Biker Jacket,2025-07-30,310,women's clothing,29.95,1
16,Lock and Love Women's Removable Hooded Faux Leather Moto Biker Jacket,2025-07-31,304,women's clothing,29.95,0
17,Rain Jacket Women Windbreaker Striped Climbing Raincoats,2025-07-02,135,women's clothing,39.99,1
17,Rain Jacket Women Windbreaker Striped Climbing Raincoats,2025-07-03,131,women's clothing,39.99,0
17,Rain Jacket Women Windbreaker Striped Climbing Raincoats,2025-07-04,129,women's clothing,39.99,0
17,Rain Jacket Women Windbreaker Striped Climbing Raincoats,2025-07-05,126,women's clothing,39.99,0
17,Rain Jacket Women Windbreaker Striped Climbing Raincoats,2025-07-06,125,women's clothing,39.99,0
17,Rain Jacket Women Windbreaker Striped Climbing Raincoats,2025-07-07,124,women's clothing,39.99,0
17,Rain Jacket Women Windbreaker Striped Climbing Raincoats,2025-07-08,123,women's clothing,39.99,0
17,Rain Jacket Women Windbreaker Striped Climbing Raincoats,2025-07-09,197,women's clothing,39.99,1
17,Rain Jacket Women Windbreaker Striped Climbing Raincoats,2025-07-10,196,women's clothing,39.99,0
17,Rain Jacket Women Windbreaker Striped Climbing Raincoats,2025-07-11,194,women's clothing,39.99,0
17,Rain Jacket Women Windbreaker Striped Climbing Raincoats,2025-07-12,192,women's clothing,39.99,0
17,Rain Jacket Women Windbreaker Striped Climbing Raincoats,2025-07-13,191,women's clothing,39.99,0
17,Rain Jacket Women Windbreaker Striped Climbing Raincoats,2025-07-14,188,women's clothing,39.99,0
17,Rain Jacket Women Windbreaker Striped Climbing Raincoats,2025-07-15,186,women's clothing,39.99,0
17,Rain Jacket Women Windbreaker Striped Climbing Raincoats,2025-07-16,262,women's clothing,39.99,1
17,Rain Jacket Women Windbreaker Striped Climbing Raincoats,2025-07-17,262,women's clothing,39.99,0
17,Rain Jacket Women Windbreaker Striped Climbing Raincoats,2025-07-18,261,women's clothing,39.99,0
17,Rain Jacket Women Windbreaker Striped Climbing Raincoats,2025-07-19,257,women's clothing,39.99,0
17,Rain Jacket Women Windbreaker Striped Climbing Raincoats,2025-07-20,253,women's clothing,39.99,0
17,Rain Jacket Women Windbreaker Striped Climbing Raincoats,2025-07-21,250,women's clothing,39.99,0
17,Rain Jacket Women Windbreaker Striped Climbing Raincoats,2025-07-22,249,women's clothing,39.99,0
17,Rain Jacket Women Windbreaker Striped Climbing Raincoats,2025-07-23,337,women's clothing,39.99,1
17,Rain Jacket Women Windbreaker Striped Climbing Raincoats,2025-07-24,336,women's clothing,39.99,0
17,Rain Jacket Women Windbreaker Striped Climbing Raincoats,2025-07-25,333,women's clothing,39.99,0
17,Rain Jacket Women Windbreaker Striped Climbing Raincoats,2025-07-26,330,women's clothing,39.99,0
17,Rain Jacket Women Windbreaker Striped Climbing Raincoats,2025-07-27,328,women's clothing,39.99,0
17,Rain Jacket Women Windbreaker Striped Climbing Raincoats,2025-07-28,324,women's clothing,39.99,0
17,Rain Jacket Women Windbreaker Striped Climbing Raincoats,2025-07-29,322,women's clothing,39.99,0
17,Rain Jacket Women Windbreaker Striped Climbing Raincoats,2025-07-30,374,women's clothing,39.99,1
17,Rain Jacket Women Windbreaker Striped Climbing Raincoats,2025-07-31,371,women's clothing,39.99,0
18,MBJ Women's Solid Short Sleeve Boat Neck V ,2025-07-02,237,women's clothing,9.85,1
18,MBJ Women's Solid Short Sleeve Boat Neck V ,2025-07-03,229,women's clothing,9.85,0
18,MBJ Women's Solid Short Sleeve Boat Neck V ,2025-07-04,221,women's clothing,9.85,0
18,MBJ Women's Solid Short Sleeve Boat Neck V ,2025-07-05,215,women's clothing,9.85,0
18,MBJ Women's Solid Short Sleeve Boat Neck V ,2025-07-06,211,women's clothing,9.85,0
18,MBJ Women's Solid Short Sleeve Boat Neck V ,2025-07-07,209,women's clothing,9.85,0
18,MBJ Women's Solid Short Sleeve Boat Neck V ,2025-07-08,204,women's clothing,9.85,0
18,MBJ Women's Solid Short Sleeve Boat Neck V ,2025-07-09,294,women's clothing,9.85,1
18,MBJ Women's Solid Short Sleeve Boat Neck V ,2025-07-10,291,women's clothing,9.85,0
18,MBJ Women's Solid Short Sleeve Boat Neck V ,2025-07-11,288,women's clothing,9.85,0
18,MBJ Women's Solid Short Sleeve Boat Neck V ,2025-07-12,286,women's clothing,9.85,0
18,MBJ Women's Solid Short Sleeve Boat Neck V ,2025-07-13,281,women's clothing,9.85,0
18,MBJ Women's Solid Short Sleeve Boat Neck V ,2025-07-14,277,women's clothing,9.85,0
18,MBJ Women's Solid Short Sleeve Boat Neck V ,2025-07-15,273,women's clothing,9.85,0
18,MBJ Women's Solid Short Sleeve Boat Neck V ,2025-07-16,354,women's clothing,9.85,1
18,MBJ Women's Solid Short Sleeve Boat Neck V ,2025-07-17,345,women's clothing,9.85,0
18,MBJ Women's Solid Short Sleeve Boat Neck V ,2025-07-18,339,women's clothing,9.85,0
18,MBJ Women's Solid Short Sleeve Boat Neck V ,2025-07-19,333,women's clothing,9.85,0
18,MBJ Women's Solid Short Sleeve Boat Neck V ,2025-07-20,333,women's clothing,9.85,0
18,MBJ Women's Solid Short Sleeve Boat Neck V ,2025-07-21,326,women's clothing,9.85,0
18,MBJ Women's Solid Short Sleeve Boat Neck V ,2025-07-22,317,women's clothing,9.85,0
18,MBJ Women's Solid Short Sleeve Boat Neck V ,2025-07-23,413,women's clothing,9.85,1
18,MBJ Women's Solid Short Sleeve Boat Neck V ,2025-07-24,410,women's clothing,9.85,0
18,MBJ Women's Solid Short Sleeve Boat Neck V ,2025-07-25,404,women's clothing,9.85,0
18,MBJ Women's Solid Short Sleeve Boat Neck V ,2025-07-26,400,women's clothing,9.85,0
18,MBJ Women's Solid Short Sleeve Boat Neck V ,2025-07-27,394,women's clothing,9.85,0
18,MBJ Women's Solid Short Sleeve Boat Neck V ,2025-07-28,388,women's clothing,9.85,0
18,MBJ Women's Solid Short Sleeve Boat Neck V ,2025-07-29,385,women's clothing,9.85,0
18,MBJ Women's Solid Short Sleeve Boat Neck V ,2025-07-30,457,women's clothing,9.85,1
18,MBJ Women's Solid Short Sleeve Boat Neck V ,2025-07-31,450,women's clothing,9.85,0
19,Opna Women's Short Sleeve Moisture,2025-07-02,103,women's clothing,7.95,1
19,Opna Women's Short Sleeve Moisture,2025-07-03,103,women's clothing,7.95,0
19,Opna Women's Short Sleeve Moisture,2025-07-04,101,women's clothing,7.95,0
19,Opna Women's Short Sleeve Moisture,2025-07-05,100,women's clothing,7.95,0
19,Opna Women's Short Sleeve Moisture,2025-07-06,98,women's clothing,7.95,0
19,Opna Women's Short Sleeve Moisture,2025-07-07,97,women's clothing,7.95,0
19,Opna Women's Short Sleeve Moisture,2025-07-08,96,women's clothing,7.95,0
19,Opna Women's Short Sleeve Moisture,2025-07-09,181,women's clothing,7.95,1
19,Opna Women's Short Sleeve Moisture,2025-07-10,181,women's clothing,7.95,0
19,Opna Women's Short Sleeve Moisture,2025-07-11,179,women's clothing,7.95,0
19,Opna Women's Short Sleeve Moisture,2025-07-12,177,women's clothing,7.95,0
19,Opna Women's Short Sleeve Moisture,2025-07-13,177,women's clothing,7.95,0
19,Opna Women's Short Sleeve Moisture,2025-07-14,176,women's clothing,7.95,0
19,Opna Women's Short Sleeve Moisture,2025-07-15,175,women's clothing,7.95,0
19,Opna Women's Short Sleeve Moisture,2025-07-16,232,women's clothing,7.95,1
19,Opna Women's Short Sleeve Moisture,2025-07-17,232,women's clothing,7.95,0
19,Opna Women's Short Sleeve Moisture,2025-07-18,231,women's clothing,7.95,0
19,Opna Women's Short Sleeve Moisture,2025-07-19,230,women's clothing,7.95,0
19,Opna Women's Short Sleeve Moisture,2025-07-20,230,women's clothing,7.95,0
19,Opna Women's Short Sleeve Moisture,2025-07-21,229,women's clothing,7.95,0
19,Opna Women's Short Sleeve Moisture,2025-07-22,227,women's clothing,7.95,0
19,Opna Women's Short Sleeve Moisture,2025-07-23,295,women's clothing,7.95,1
19,Opna Women's Short Sleeve Moisture,2025-07-24,294,women's clothing,7.95,0
19,Opna Women's Short Sleeve Moisture,2025-07-25,293,women's clothing,7.95,0
19,Opna Women's Short Sleeve Moisture,2025-07-26,291,women's clothing,7.95,0
19,Opna Women's Short Sleeve Moisture,2025-07-27,290,women's clothing,7.95,0
19,Opna Women's Short Sleeve Moisture,2025-07-28,288,women's clothing,7.95,0
19,Opna Women's Short Sleeve Moisture,2025-07-29,288,women's clothing,7.95,0
19,Opna Women's Short Sleeve Moisture,2025-07-30,321,women's clothing,7.95,1
19,Opna Women's Short Sleeve Moisture,2025-07-31,320,women's clothing,7.95,0
20,DANVOUY Womens T Shirt Casual Cotton Short,2025-07-02,142,women's clothing,12.99,1
20,DANVOUY Womens T Shirt Casual Cotton Short,2025-07-03,138,women's clothing,12.99,0
20,DANVOUY Womens T Shirt Casual Cotton Short,2025-07-04,137,women's clothing,12.99,0
20,DANVOUY Womens T Shirt Casual Cotton Short,2025-07-05,137,women's clothing,12.99,0
20,DANVOUY Womens T Shirt Casual Cotton Short,2025-07-06,135,women's clothing,12.99,0
20,DANVOUY Womens T Shirt Casual Cotton Short,2025-07-07,131,women's clothing,12.99,0
20,DANVOUY Womens T Shirt Casual Cotton Short,2025-07-08,127,women's clothing,12.99,0
20,DANVOUY Womens T Shirt Casual Cotton Short,2025-07-09,194,women's clothing,12.99,1
20,DANVOUY Womens T Shirt Casual Cotton Short,2025-07-10,192,women's clothing,12.99,0
20,DANVOUY Womens T Shirt Casual Cotton Short,2025-07-11,192,women's clothing,12.99,0
20,DANVOUY Womens T Shirt Casual Cotton Short,2025-07-12,190,women's clothing,12.99,0
20,DANVOUY Womens T Shirt Casual Cotton Short,2025-07-13,186,women's clothing,12.99,0
20,DANVOUY Womens T Shirt Casual Cotton Short,2025-07-14,186,women's clothing,12.99,0
20,DANVOUY Womens T Shirt Casual Cotton Short,2025-07-15,184,women's clothing,12.99,0
20,DANVOUY Womens T Shirt Casual Cotton Short,2025-07-16,233,women's clothing,12.99,1
20,DANVOUY Womens T Shirt Casual Cotton Short,2025-07-17,229,women's clothing,12.99,0
20,DANVOUY Womens T Shirt Casual Cotton Short,2025-07-18,227,women's clothing,12.99,0
20,DANVOUY Womens T Shirt Casual Cotton Short,2025-07-19,226,women's clothing,12.99,0
20,DANVOUY Womens T Shirt Casual Cotton Short,2025-07-20,225,women's clothing,12.99,0
20,DANVOUY Womens T Shirt Casual Cotton Short,2025-07-21,221,women's clothing,12.99,0
20,DANVOUY Womens T Shirt Casual Cotton Short,2025-07-22,218,women's clothing,12.99,0
20,DANVOUY Womens T Shirt Casual Cotton Short,2025-07-23,297,women's clothing,12.99,1
20,DANVOUY Womens T Shirt Casual Cotton Short,2025-07-24,295,women's clothing,12.99,0
20,DANVOUY Womens T Shirt Casual Cotton Short,2025-07-25,295,women's clothing,12.99,0
20,DANVOUY Womens T Shirt Casual Cotton Short,2025-07-26,293,women's clothing,12.99,0
20,DANVOUY Womens T Shirt Casual Cotton Short,2025-07-27,292,women's clothing,12.99,0
20,DANVOUY Womens T Shirt Casual Cotton Short,2025-07-28,292,women's clothing,12.99,0
20,DANVOUY Womens T Shirt Casual Cotton Short,2025-07-29,291,women's clothing,12.99,0
20,DANVOUY Womens T Shirt Casual Cotton Short,2025-07-30,357,women's clothing,12.99,1
20,DANVOUY Womens T Shirt Casual Cotton Short,2025-07-31,354,women's clothing,12.99,0
